027,「超激ダイナマイツ」レアガチャイベント
028,「超激ダイナマイツ」レアガチャイベント
029,「戦国武神バサラーズ」レアガチャイベント
030,「戦国武神バサラーズ」レアガチャイベント
031,「電脳学園ギャラクシーギャルズ」レアガチャイベント
032,「電脳学園ギャラクシーギャルズ」レアガチャイベント
033,「超破壊大帝ドラゴンエンペラーズ」レアガチャイベント
034,「超破壊大帝ドラゴンエンペラーズ」レアガチャイベント
041,「超古代勇者ウルトラソウルズ」レアガチャイベント
042,「超古代勇者ウルトラソウルズ」レアガチャイベント
045,「メタルスラッグディフェンス」コラボガチャイベント
046,ハロウィン
047,「逆襲の英雄ダークヒーローズ」レアガチャイベント
048,「逆襲の英雄ダークヒーローズ」レアガチャイベント
049,「ゆるドラシル」コラボガチャイベント
050,「伝説のネコルガ族」レアガチャイベント
051,「伝説のネコルガ族」レアガチャイベント
052,「伝説のネコルガ族」レアガチャイベント
053,「超激ダイナマイツ」レアガチャイベント
054,「戦国武神バサラーズ」レアガチャイベント
055,「電脳学園ギャラクシーギャルズ」レアガチャイベント
056,「超破壊大帝ドラゴンエンペラーズ」レアガチャイベント
057,「レッドバスターズ」レアガチャイベント
058,「レッドバスターズ」レアガチャイベント
059,「レッドバスターズ」レアガチャイベント
060,「超古代勇者ウルトラソウルズ」レアガチャイベント
061,「逆襲の英雄ダークヒーローズ」レアガチャイベント
062,『＋４キャラ』生きろ！マンボウ！
063,『支援隊入り』生きろ！マンボウ！
064,クリスマスギャルズ
065,『＋４キャラ』2015忘年会ガチャ
066,『支援隊入り』正月めでたいガチャ
067,「究極降臨ギガントゼウス」レアガチャイベント
068,「究極降臨ギガントゼウス」レアガチャイベント
069,「究極降臨ギガントゼウス」レアガチャイベント
070,「逆襲の英雄ダークヒーローズ」レアガチャイベント
071,「逆襲の英雄ダークヒーローズ」レアガチャイベント
072,「逆襲の英雄ダークヒーローズ」レアガチャイベント
073,「超ネコ祭」レアガチャイベント
074,「超ネコ祭」レアガチャイベント
075,「超ネコ祭」レアガチャイベント
076,にゃんこ大戦争 × 消滅都市
077,にゃんこ大戦争 × 消滅都市
078,「究極降臨ギガントゼウス」レアガチャイベント
079,「究極降臨ギガントゼウス」レアガチャイベント
080,「究極降臨ギガントゼウス」レアガチャイベント
081,「超ネコ祭」レアガチャイベント
082,「究極降臨ギガントゼウス」レアガチャイベント
083,「究極降臨ギガントゼウス」レアガチャイベント
084,「究極降臨ギガントゼウス」レアガチャイベント
085,サマーガールズ
086,プラチナガチャ（ガネーシャ追加なし）
087,プラチナガチャ（ガネーシャ追加あり）
088,「超ネコ祭」レアガチャイベント
089,レッドバスターズ_キャラ追加
090,レッドバスターズ_キャラ追加 + 4キャラ
091,レッドバスターズ_キャラ追加 + 支援隊
092,「エアバスターズ」レアガチャイベント
093,「レッドバスターズ」レアガチャイベント
095,劇場版「魔法少女まどか☆マギカ」コラボガチャ
096,ハロウィンガチャ
097,「伝説のネコルガ族」レアガチャイベント
098,「伝説のネコルガ族」レアガチャイベント
099,「伝説のネコルガ族」レアガチャイベント
100,「超激ダイナマイツ」レアガチャイベント
101,「超激ダイナマイツ」レアガチャイベント
102,「超激ダイナマイツ」レアガチャイベント
103,「戦国武神バサラーズ」レアガチャイベント
104,「戦国武神バサラーズ」レアガチャイベント
105,「戦国武神バサラーズ」レアガチャイベント
106,「電脳学園ギャラクシーギャルズ」レアガチャイベント
107,「電脳学園ギャラクシーギャルズ」レアガチャイベント
108,「電脳学園ギャラクシーギャルズ」レアガチャイベント
109,「超破壊大帝ドラゴンエンペラーズ」レアガチャイベント
110,「超破壊大帝ドラゴンエンペラーズ」レアガチャイベント
111,「超破壊大帝ドラゴンエンペラーズ」レアガチャイベント
112,「超古代勇者ウルトラソウルズ」レアガチャイベント
113,「超古代勇者ウルトラソウルズ」レアガチャイベント
114,「超古代勇者ウルトラソウルズ」レアガチャイベント
115,「逆襲の英雄ダークヒーローズ」レアガチャイベント
116,「逆襲の英雄ダークヒーローズ」レアガチャイベント
117,「逆襲の英雄ダークヒーローズ」レアガチャイベント
118,「究極降臨ギガントゼウス」レアガチャイベント
119,「究極降臨ギガントゼウス」レアガチャイベント
120,「究極降臨ギガントゼウス」レアガチャイベント
121,「革命軍隊アイアンウォーズ」レアガチャイベント
122,「革命軍隊アイアンウォーズ」レアガチャイベント
123,「革命軍隊アイアンウォーズ」レアガチャイベント
124,「レッドバスターズ」レアガチャイベント
125,「エアバスターズ」レアガチャイベント
126,「超ネコ祭」レアガチャイベント
127,「クリスマスギャルズ」レアガチャイベント
128,プラチナガチャ
129,「究極降臨ギガントゼウス」レアガチャイベント
130,「究極降臨ギガントゼウス」レアガチャイベント
131,「究極降臨ギガントゼウス」レアガチャイベント
132,2016忘年会ガチャ
133,2017新年ガチャ
134,「超ネコ祭」レアガチャイベント
135,プラチナガチャ
136,「レッドバスターズ」レアガチャイベント
137,「超ネコ祭」レアガチャイベント
138,プラチナガチャ
139,「伝説のネコルガ族」レアガチャイベント
140,「伝説のネコルガ族」レアガチャイベント
141,「伝説のネコルガ族」レアガチャイベント
142,「超激ダイナマイツ」レアガチャイベント
143,「超激ダイナマイツ」レアガチャイベント
144,「超激ダイナマイツ」レアガチャイベント
145,「戦国武神バサラーズ」レアガチャイベント
146,「戦国武神バサラーズ」レアガチャイベント
147,「戦国武神バサラーズ」レアガチャイベント
148,「電脳学園ギャラクシーギャルズ」レアガチャイベント
149,「電脳学園ギャラクシーギャルズ」レアガチャイベント
150,「電脳学園ギャラクシーギャルズ」レアガチャイベント
151,「超破壊大帝ドラゴンエンペラーズ」レアガチャイベント
152,「超破壊大帝ドラゴンエンペラーズ」レアガチャイベント
153,「超破壊大帝ドラゴンエンペラーズ」レアガチャイベント
154,「超古代勇者ウルトラソウルズ」レアガチャイベント
155,「超古代勇者ウルトラソウルズ」レアガチャイベント
156,「超古代勇者ウルトラソウルズ」レアガチャイベント
157,「逆襲の英雄ダークヒーローズ」レアガチャイベント
158,「逆襲の英雄ダークヒーローズ」レアガチャイベント
159,「逆襲の英雄ダークヒーローズ」レアガチャイベント
160,「究極降臨ギガントゼウス」レアガチャイベント
161,「究極降臨ギガントゼウス」レアガチャイベント
162,「究極降臨ギガントゼウス」レアガチャイベント
163,「革命軍隊アイアンウォーズ」レアガチャイベント
164,「革命軍隊アイアンウォーズ」レアガチャイベント
165,「革命軍隊アイアンウォーズ」レアガチャイベント
166,「レッドバスターズ」レアガチャイベント
167,「エアバスターズ」レアガチャイベント
168,「超ネコ祭」レアガチャイベント
169,プラチナガチャ
170,「クラッシュフィーバー」コラボガチャ
171,「クラッシュフィーバー」コラボガチャ
172,イースターカーニバルガチャ
173,「極ネコ祭」レアガチャイベント
174,プラチナガチャ
175,「絶命美少女ギャルズモンスターズ」レアガチャイベント
176,「ケリ姫スイーツ」コラボガチャイベント
177,「戦国武神バサラーズ」レアガチャイベント
178,「戦国武神バサラーズ」レアガチャイベント
179,「戦国武神バサラーズ」レアガチャイベント
180,にゃんこ大戦争 × 消滅都市2
181,にゃんこ大戦争 × 消滅都市2
182,「超ネコ祭」レアガチャイベント
183,「極ネコ祭」レアガチャイベント
184,プラチナガチャ
185,「メルクストーリア」コラボガチャイベント
186,「ぐでたま」コラボガチャ
187,「ぐでたま」コラボガチャ
188,「電脳学園ギャラクシーギャルズ」レアガチャイベント
189,「電脳学園ギャラクシーギャルズ」レアガチャイベント
190,「電脳学園ギャラクシーギャルズ」レアガチャイベント
191,ウルトラセレクション
192,ミラクルセレクション
193,「超ネコ祭」レアガチャイベント
194,「極ネコ祭」レアガチャイベント
195,プラチナガチャ
196,「ぐでたま」コラボガチャ
197,サマーガールズ
198,「革命軍隊アイアンウォーズ」レアガチャイベント
199,「革命軍隊アイアンウォーズ」レアガチャイベント
200,「革命軍隊アイアンウォーズ」レアガチャイベント
201,「超ネコ祭」レアガチャイベント
202,「極ネコ祭」レアガチャイベント
203,プラチナガチャ
204,「絶命美少女ギャルズモンスターズ」レアガチャイベント
205,「メタルバスターズ」レアガチャイベント
206,「絶命美少女ギャルズモンスターズ」レアガチャイベント
207,「絶命美少女ギャルズモンスターズ」レアガチャイベント
208,「大精霊エレメンタルピクシーズ」レアガチャイベント
209,「大精霊エレメンタルピクシーズ」レアガチャイベント
210,「大精霊エレメンタルピクシーズ」レアガチャイベント
211,「超ネコ祭」レアガチャイベント
212,プラチナガチャ
213,「超ネコ祭」レアガチャイベント
214,劇場版「Fate/stay night [Heaven's Feel]」コラボガチャイベント
215,「伝説のネコルガ族」レアガチャイベント
216,「伝説のネコルガ族」レアガチャイベント
217,「伝説のネコルガ族」レアガチャイベント
218,「超激ダイナマイツ」レアガチャイベント
219,「超激ダイナマイツ」レアガチャイベント
220,「超激ダイナマイツ」レアガチャイベント
221,「戦国武神バサラーズ」レアガチャイベント
222,「戦国武神バサラーズ」レアガチャイベント
223,「戦国武神バサラーズ」レアガチャイベント
224,「電脳学園ギャラクシーギャルズ」レアガチャイベント
225,「電脳学園ギャラクシーギャルズ」レアガチャイベント
226,「電脳学園ギャラクシーギャルズ」レアガチャイベント
227,「超破壊大帝ドラゴンエンペラーズ」レアガチャイベント
228,「超破壊大帝ドラゴンエンペラーズ」レアガチャイベント
229,「超破壊大帝ドラゴンエンペラーズ」レアガチャイベント
230,「超古代勇者ウルトラソウルズ」レアガチャイベント
231,「超古代勇者ウルトラソウルズ」レアガチャイベント
232,「超古代勇者ウルトラソウルズ」レアガチャイベント
233,「逆襲の英雄ダークヒーローズ」レアガチャイベント
234,「逆襲の英雄ダークヒーローズ」レアガチャイベント
235,「逆襲の英雄ダークヒーローズ」レアガチャイベント
236,「究極降臨ギガントゼウス」レアガチャイベント
237,「究極降臨ギガントゼウス」レアガチャイベント
238,「究極降臨ギガントゼウス」レアガチャイベント
239,「革命軍隊アイアンウォーズ」レアガチャイベント
240,「革命軍隊アイアンウォーズ」レアガチャイベント
241,「革命軍隊アイアンウォーズ」レアガチャイベント
242,「大精霊エレメンタルピクシーズ」レアガチャイベント
243,「大精霊エレメンタルピクシーズ」レアガチャイベント
244,「大精霊エレメンタルピクシーズ」レアガチャイベント
245,「レッドバスターズ」レアガチャイベント
246,「エアバスターズ」レアガチャイベント
247,「メタルバスターズ」レアガチャイベント
248,「絶命美少女ギャルズモンスターズ」レアガチャイベント
249,「絶命美少女ギャルズモンスターズ」レアガチャイベント
250,「絶命美少女ギャルズモンスターズ」レアガチャイベント
251,ウルトラセレクション
252,ミラクルセレクション
253,「超選抜祭」レアガチャイベント
254,「超ネコ祭」レアガチャイベント
255,「極ネコ祭」レアガチャイベント
256,プラチナガチャ
257,ハロウィンガチャ
258,「クリスマスギャルズ」レアガチャイベント
259,イースターカーニバルガチャ
260,サマーガールズ
261,「超ネコ祭」レアガチャイベント
262,2017忘年会ガチャ
263,2018新年ガチャ
264,プラチナガチャ
265,「実況パワフルプロ野球」コラボガチャイベント
266,「超破壊大帝ドラゴンエンペラーズ」レアガチャイベント
267,「超破壊大帝ドラゴンエンペラーズ」レアガチャイベント
268,「超破壊大帝ドラゴンエンペラーズ」レアガチャイベント
269,「メタルバスターズ」レアガチャイベント
270,「超ネコ祭」レアガチャイベント
271,「極ネコ祭」レアガチャイベント
272,プラチナガチャ
273,「メタルバスターズ」レアガチャイベント
274,プラチナガチャ
275,プラチナガチャ
276,「大精霊エレメンタルピクシーズ」レアガチャイベント
277,「大精霊エレメンタルピクシーズ」レアガチャイベント
278,「大精霊エレメンタルピクシーズ」レアガチャイベント
279,「超ネコ祭」レアガチャイベント
280,「極ネコ祭」レアガチャイベント
281,プラチナガチャ
282,「エヴァンゲリオン」コラボガチャイベント
283,「革命軍隊アイアンウォーズ」レアガチャイベント
284,「革命軍隊アイアンウォーズ」レアガチャイベント
285,「革命軍隊アイアンウォーズ」レアガチャイベント
286,「超ネコ祭」レアガチャイベント
287,「極ネコ祭」レアガチャイベント
288,プラチナガチャ
289,「超激ダイナマイツ」レアガチャイベント
290,「超激ダイナマイツ」レアガチャイベント
291,「超激ダイナマイツ」レアガチャイベント
292,「超ネコ祭」レアガチャイベント
293,「極ネコ祭」レアガチャイベント
294,プラチナガチャ
295,にゃんこ大戦争 × 消滅都市2
296,「ぐでたま」コラボガチャ
297,「ぐでたま」コラボガチャ
298,「逆襲の英雄ダークヒーローズ」レアガチャイベント
299,「逆襲の英雄ダークヒーローズ」レアガチャイベント
300,「逆襲の英雄ダークヒーローズ」レアガチャイベント
301,「超ネコ祭」レアガチャイベント
302,「極ネコ祭」レアガチャイベント
303,プラチナガチャ
304,「伝説のネコルガ族」レアガチャイベント
305,「伝説のネコルガ族」レアガチャイベント
306,「伝説のネコルガ族」レアガチャイベント
308,「超ネコ祭」レアガチャイベント
309,「極ネコ祭」レアガチャイベント
310,プラチナガチャ
311,「究極降臨ギガントゼウス」レアガチャイベント
312,「究極降臨ギガントゼウス」レアガチャイベント
313,「究極降臨ギガントゼウス」レアガチャイベント
314,サマーガールズ
315,「超ネコ祭」レアガチャイベント
316,「極ネコ祭」レアガチャイベント
317,プラチナガチャ
318,『劇場版 魔法少女まどか☆マギカ[新編]叛逆の物語』コラボガチャ
319,「極ネコ祭」レアガチャイベント
320,プラチナガチャ
321,「クラッシュフィーバー」コラボガチャ
322,「クラッシュフィーバー」コラボガチャ
323,『劇場版 魔法少女まどか☆マギカ[新編]叛逆の物語』コラボガチャ
324,「伝説のネコルガ族」レアガチャイベント
325,「伝説のネコルガ族」レアガチャイベント
326,「伝説のネコルガ族」レアガチャイベント
327,「超激ダイナマイツ」レアガチャイベント
328,「超激ダイナマイツ」レアガチャイベント
329,「超激ダイナマイツ」レアガチャイベント
330,「戦国武神バサラーズ」レアガチャイベント
331,「戦国武神バサラーズ」レアガチャイベント
332,「戦国武神バサラーズ」レアガチャイベント
333,「電脳学園ギャラクシーギャルズ」レアガチャイベント
334,「電脳学園ギャラクシーギャルズ」レアガチャイベント
335,「電脳学園ギャラクシーギャルズ」レアガチャイベント
336,「超破壊大帝ドラゴンエンペラーズ」レアガチャイベント
337,「超破壊大帝ドラゴンエンペラーズ」レアガチャイベント
338,「超破壊大帝ドラゴンエンペラーズ」レアガチャイベント
339,「超古代勇者ウルトラソウルズ」レアガチャイベント
340,「超古代勇者ウルトラソウルズ」レアガチャイベント
341,「超古代勇者ウルトラソウルズ」レアガチャイベント
342,「逆襲の英雄ダークヒーローズ」レアガチャイベント
343,「逆襲の英雄ダークヒーローズ」レアガチャイベント
344,「逆襲の英雄ダークヒーローズ」レアガチャイベント
345,「究極降臨ギガントゼウス」レアガチャイベント
346,「究極降臨ギガントゼウス」レアガチャイベント
347,「究極降臨ギガントゼウス」レアガチャイベント
348,「革命軍隊アイアンウォーズ」レアガチャイベント
349,「革命軍隊アイアンウォーズ」レアガチャイベント
350,「革命軍隊アイアンウォーズ」レアガチャイベント
351,「大精霊エレメンタルピクシーズ」レアガチャイベント
352,「大精霊エレメンタルピクシーズ」レアガチャイベント
353,「大精霊エレメンタルピクシーズ」レアガチャイベント
354,「絶命美少女ギャルズモンスターズ」レアガチャイベント
355,「絶命美少女ギャルズモンスターズ」レアガチャイベント
356,「絶命美少女ギャルズモンスターズ」レアガチャイベント
357,「超選抜祭」レアガチャイベント
358,ウルトラセレクション
359,ミラクルセレクション
360,「超ネコ祭」レアガチャイベント
361,「極ネコ祭」レアガチャイベント
362,「超古代勇者ウルトラソウルズ」レアガチャイベント
363,「超古代勇者ウルトラソウルズ」レアガチャイベント
364,「超古代勇者ウルトラソウルズ」レアガチャイベント
365,2018忘年会ガチャ
366,2019新年ガチャ
367,「超ネコ祭」レアガチャイベント
368,劇場版「Fate/stay night [Heaven's Feel]」コラボガチャイベント
369,「超激ダイナマイツ」レアガチャイベント
370,「超激ダイナマイツ」レアガチャイベント
371,「超激ダイナマイツ」レアガチャイベント
372,「伝説のネコルガ族」レアガチャイベント
373,「伝説のネコルガ族」レアガチャイベント
374,「伝説のネコルガ族」レアガチャイベント
375,「生きろ！マンボウ！」コラボガチャイベント
376,「生きろ！マンボウ！」コラボガチャイベント
377,「革命軍隊アイアンウォーズ」レアガチャイベント
378,「革命軍隊アイアンウォーズ」レアガチャイベント
379,「革命軍隊アイアンウォーズ」レアガチャイベント
380,「大精霊エレメンタルピクシーズ」レアガチャイベント
381,「大精霊エレメンタルピクシーズ」レアガチャイベント
382,「大精霊エレメンタルピクシーズ」レアガチャイベント
383,「ビックリマン」コラボガチャイベント
384,「逆襲の英雄ダークヒーローズ」レアガチャイベント
385,「逆襲の英雄ダークヒーローズ」レアガチャイベント
386,「逆襲の英雄ダークヒーローズ」レアガチャイベント
387,にゃんこ大戦争 × 消滅都市0.
390,「ケリ姫スイーツ」コラボガチャイベント
391,「エヴァンゲリオン」コラボガチャイベント
392,「究極降臨ギガントゼウス」レアガチャイベント
393,「究極降臨ギガントゼウス」レアガチャイベント
394,「究極降臨ギガントゼウス」レアガチャイベント
395,サマーガールズ
396,「戦国武神バサラーズ」レアガチャイベント
397,「戦国武神バサラーズ」レアガチャイベント
398,「戦国武神バサラーズ」レアガチャイベント
399,「超ネコ祭」レアガチャイベント
400,「極ネコ祭」レアガチャイベント
401,プラチナガチャ
402,「電脳学園ギャラクシーギャルズ」レアガチャイベント
403,「電脳学園ギャラクシーギャルズ」レアガチャイベント
404,「電脳学園ギャラクシーギャルズ」レアガチャイベント
405,「超ネコ祭」レアガチャイベント
406,「極ネコ祭」レアガチャイベント
407,プラチナガチャ
408,「超破壊大帝ドラゴンエンペラーズ」レアガチャイベント
409,「超破壊大帝ドラゴンエンペラーズ」レアガチャイベント
410,「超破壊大帝ドラゴンエンペラーズ」レアガチャイベント
411,「超ネコ祭」レアガチャイベント
412,「極ネコ祭」レアガチャイベント
413,プラチナガチャ
414,「メルクストーリア」コラボガチャ
415,「ストリートファイターV アーケードエディション」コラボガチャイベント
416,「超激ダイナマイツ」レアガチャイベント
417,「超激ダイナマイツ」レアガチャイベント
418,「超激ダイナマイツ」レアガチャイベント
419,「超ネコ祭」レアガチャイベント
420,「極ネコ祭」レアガチャイベント
421,「伝説のネコルガ族」レアガチャイベント
422,「伝説のネコルガ族」レアガチャイベント
423,「伝説のネコルガ族」レアガチャイベント
424,「超激ダイナマイツ」レアガチャイベント
425,「超激ダイナマイツ」レアガチャイベント
426,「超激ダイナマイツ」レアガチャイベント
427,戦国武神バサラーズ
428,戦国武神バサラーズ
429,戦国武神バサラーズ
430,「電脳学園ギャラクシーギャルズ」レアガチャイベント
431,「電脳学園ギャラクシーギャルズ」レアガチャイベント
432,「電脳学園ギャラクシーギャルズ」レアガチャイベント
433,「超破壊大帝ドラゴンエンペラーズ」レアガチャイベント
434,「超破壊大帝ドラゴンエンペラーズ」レアガチャイベント
435,「超破壊大帝ドラゴンエンペラーズ」レアガチャイベント
436,「超古代勇者ウルトラソウルズ」レアガチャイベント
437,「超古代勇者ウルトラソウルズ」レアガチャイベント
438,「超古代勇者ウルトラソウルズ」レアガチャイベント
439,「逆襲の英雄ダークヒーローズ」レアガチャイベント
440,「逆襲の英雄ダークヒーローズ」レアガチャイベント
441,「逆襲の英雄ダークヒーローズ」レアガチャイベント
442,「究極降臨ギガントゼウス」レアガチャイベント
443,「究極降臨ギガントゼウス」レアガチャイベント
444,「究極降臨ギガントゼウス」レアガチャイベント
445,「革命軍隊アイアンウォーズ」レアガチャイベント
446,「革命軍隊アイアンウォーズ」レアガチャイベント
447,「革命軍隊アイアンウォーズ」レアガチャイベント
448,「大精霊エレメンタルピクシーズ」レアガチャイベント
449,「大精霊エレメンタルピクシーズ」レアガチャイベント
450,「大精霊エレメンタルピクシーズ」レアガチャイベント
451,「レッドバスターズ」レアガチャイベント
452,エアバスターズ
453,メタルバスターズ
454,絶命美少女ギャルズモンスターズ
455,絶命美少女ギャルズモンスターズ
456,絶命美少女ギャルズモンスターズ
457,ハロウィンガチャ
458,イースターカーニバル
459,サマーガールズ
460,超選抜祭
461,極選抜祭
462,ウルトラセレクション
463,ミラクルセレクション
464,ウルトラセレクション
465,ミラクルセレクション
466,ウルトラセレクション
467,ミラクルセレクション
468,エクセレントセレクション
469,超ネコ祭
470,極ネコ祭
471,プラチナガチャ
472,クリスマスギャルズ
473,忘年会ガチャ
474,新年ガチャ
475,超古代勇者ウルトラソウルズ
476,超古代勇者ウルトラソウルズ
477,超古代勇者ウルトラソウルズ
478,超ネコ祭
479,極ネコ祭
480,プラチナガチャ
481,超ネコ祭
482,「ケリ姫スイーツ」コラボガチャ
483,超ネコ祭
484,プラチナガチャ
485,「生きろ！マンボウ！」コラボガチャ
486,「生きろ！マンボウ！」コラボガチャ
487,逆襲の英雄ダークヒーローズ
488,逆襲の英雄ダークヒーローズ
489,逆襲の英雄ダークヒーローズ
490,超ネコ祭
491,極ネコ祭
492,プラチナガチャ
493,超極ネコ祭
494,「初音ミク」コラボガチャ
495,「生きろ！マンボウ！」コラボガチャ
496,「生きろ！マンボウ！」コラボガチャ
497,究極降臨ギガントゼウス
498,究極降臨ギガントゼウス
499,究極降臨ギガントゼウス
500,超ネコ祭
501,極ネコ祭
502,イースターカーニバル
503,超極ネコ祭
504,プラチナガチャ
505,「消滅都市」コラボガチャ
506,絶命美少女ギャルズモンスターズ
507,絶命美少女ギャルズモンスターズ
508,絶命美少女ギャルズモンスターズ
509,極ネコ祭
510,プラチナガチャ
511,「消滅都市」コラボガチャ
512,超極ネコ祭
513,「エヴァンゲリオン」コラボガチャ
514,「エヴァンゲリオン」コラボガチャ 2nd
515,「エヴァンゲリオン」コラボガチャ
516,「エヴァンゲリオン」コラボガチャ 2nd
517,伝説のネコルガ族
518,伝説のネコルガ族
519,伝説のネコルガ族
520,超ネコ祭
521,極ネコ祭
522,プラチナガチャ
523,波動バスターズ
524,「ビックリマン」コラボガチャイベント
525,プラチナガチャ
532,「初音ミク」コラボガチャ
533,サマーガールズ
534,サマーガールズ
535,「初音ミク」コラボガチャ
538,大精霊エレメンタルピクシーズ
539,大精霊エレメンタルピクシーズ
540,大精霊エレメンタルピクシーズ
541,超ネコ祭
542,極ネコ祭
543,プラチナガチャ
544,ハロウィンガチャ
545,ハロウィンガチャ
547,超選抜祭
548,極選抜祭
549,「ストリートファイターV チャンピオンエディション」コラボガチャ
550,「ストリートファイターV チャンピオンエディション」コラボガチャ
551,レジェンドガチャ
552,ウルトラセレクション
553,ミラクルセレクション
554,エクセレントセレクション
555,超ネコ祭
556,プラチナガチャ
557,レジェンドガチャ
558,レジェンドガチャ
559,超極ネコ祭
560,新年ガチャ
562,超国王祭
563,「初音ミク」コラボガチャ
564,「初音ミク」コラボガチャ
565,クリスマスギャルズ
567,バレンタインギャルズ
568,バレンタインギャルズ
569,「エヴァンゲリオン」コラボガチャ
570,「エヴァンゲリオン」コラボガチャ
572,革命軍隊アイアンウォーズ
573,革命軍隊アイアンウォーズ
574,革命軍隊アイアンウォーズ
575,超ネコ祭
576,極ネコ祭
577,プラチナガチャ
578,レジェンドガチャ
579,イースターカーニバル
581,超国王祭
582,超国王祭
583,「初音ミク」コラボガチャ
584,「初音ミク」コラボガチャ
585,絶命美少女ギャルズモンスターズ
586,絶命美少女ギャルズモンスターズ
587,絶命美少女ギャルズモンスターズ
588,「らんま1/2」コラボガチャ
589,「らんま1/2」コラボガチャ
590,極ネコ祭
591,超極ネコ祭
592,プラチナガチャ
593,レジェンドガチャ
602,女王祭
603,プラチナガチャ
604,レジェンドガチャ
605,サマーガールズ
606,超国王祭
608,戦国武神バサラーズ
609,戦国武神バサラーズ
610,戦国武神バサラーズ
611,電脳学園ギャラクシーギャルズ
612,電脳学園ギャラクシーギャルズ
613,電脳学園ギャラクシーギャルズ
614,超ネコ祭
615,極ネコ祭
616,プラチナガチャ
617,プラチナガチャ
618,レジェンドガチャ
619,レジェンドガチャ
620,熱血運動会
621,「魔法少女まどか☆マギカ」コラボガチャ
624,伝説のネコルガ族
625,伝説のネコルガ族
626,伝説のネコルガ族
627,超激ダイナマイツ
628,超激ダイナマイツ
629,超激ダイナマイツ
630,超破壊大帝ドラゴンエンペラーズ
631,超破壊大帝ドラゴンエンペラーズ
632,超破壊大帝ドラゴンエンペラーズ
633,超ネコ祭
634,極ネコ祭
635,プラチナガチャ
636,プラチナガチャ
637,プラチナガチャ
638,レジェンドガチャ
639,レジェンドガチャ
640,レジェンドガチャ
641,極ネコ祭
642,「魔法少女まどか☆マギカ」コラボガチャ
643,革命軍隊アイアンウォーズ
644,革命軍隊アイアンウォーズ
645,革命軍隊アイアンウォーズ
646,大精霊エレメンタルピクシーズ
647,大精霊エレメンタルピクシーズ
648,大精霊エレメンタルピクシーズ
649,ハロウィンガチャ
650,ハロウィンガチャ
651,超ネコ祭
652,極ネコ祭
653,プラチナガチャ
654,プラチナガチャ
655,レジェンドガチャ
656,レジェンドガチャ
657,超古代勇者ウルトラソウルズ
658,超古代勇者ウルトラソウルズ
659,超古代勇者ウルトラソウルズ
660,逆襲の英雄ダークヒーローズ
661,逆襲の英雄ダークヒーローズ
662,逆襲の英雄ダークヒーローズ
663,ウルトラセレクション
664,ミラクルセレクション
665,エクセレントセレクション
666,超選抜祭
667,極選抜祭
668,クリスマスギャルズ
669,超ネコ祭
670,極ネコ祭
671,プラチナガチャ
672,プラチナガチャ
673,レジェンドガチャ
674,レジェンドガチャ
675,超ネコ祭
676,極ネコ祭
677,究極降臨ギガントゼウス
678,究極降臨ギガントゼウス
679,究極降臨ギガントゼウス
680,新年ガチャ
681,超極ネコ祭
682,極ネコ祭
683,超国王祭
684,プラチナガチャ
685,プラチナガチャ
686,レジェンドガチャ
687,レジェンドガチャ
688,超ネコ祭
689,プラチナガチャ
690,レジェンドガチャ
691,プラチナガチャ
692,レジェンドガチャ
693,電脳学園ギャラクシーギャルズ
694,電脳学園ギャラクシーギャルズ
695,電脳学園ギャラクシーギャルズ
696,レッドバスターズ
697,超国王祭
698,バレンタインギャルズ
699,女王祭
700,超ネコ祭
701,極ネコ祭
702,プラチナガチャ
703,レジェンドガチャ
704,極ネコ祭
705,プラチナガチャ
706,レジェンドガチャ
707,バレンタインギャルズ
708,戦国武神バサラーズ
709,戦国武神バサラーズ
710,メタルバスターズ
711,ホワイトデーガチャ
712,超ネコ祭
713,極ネコ祭
714,プラチナガチャ
715,レジェンドガチャ
716,超ネコ祭
717,メタルバスターズ
718,大精霊エレメンタルピクシーズ
719,大精霊エレメンタルピクシーズ
720,超ネコ祭
721,極ネコ祭
722,プラチナガチャ
723,レジェンドガチャ
724,イースターカーニバル
725,イースターカーニバル
726,超国王祭
727,超極ネコ祭
728,極ネコ祭
729,プラチナガチャ
730,レジェンドガチャ
731,ジューンブライドガチャ
732,超破壊大帝ドラゴンエンペラーズ
733,超破壊大帝ドラゴンエンペラーズ
734,極ネコ祭
735,プラチナガチャ
736,レジェンドガチャ
737,ウルトラセレクション
738,ミラクルセレクション
739,エクセレントセレクション
740,サマーガールズ
741,超激ダイナマイツ
742,超激ダイナマイツ
743,超ネコ祭
744,極ネコ祭
745,プラチナガチャ
746,レジェンドガチャ
747,女王祭
748,「らんま1/2」コラボガチャ
749,超ネコ祭
750,サマーガールズ
751,超国王祭
752,革命軍隊アイアンウォーズ
753,革命軍隊アイアンウォーズ
754,超ネコ祭
755,プラチナガチャ
756,レジェンドガチャ
757,「らんま1/2」コラボガチャ
758,超極ネコ祭
759,極ネコ祭
760,絶命美少女ギャルズモンスターズ
761,絶命美少女ギャルズモンスターズ
762,ハロウィンガチャ
763,「ストリートファイターV チャンピオンエディション」コラボガチャ BLUE TEAM
764,「ストリートファイターV チャンピオンエディション」コラボガチャ RED TEAM
765,熱血！大運動会
766,ハロウィンガチャ
767,超選抜祭
768,極選抜祭
769,ウルトラセレクション
770,ミラクルセレクション
771,エクセレントセレクション
772,超生命体バスターズ
773,超国王祭
774,プラチナガチャ
775,レジェンドガチャ
776,クリスマスギャルズ
780,超極ネコ祭
781,新年ガチャ
782,プラチナガチャ
783,レジェンドガチャ
785,バレンタインギャルズ
786,ホワイトデーガチャ
787,超ネコ祭
788,劇場版「Fate/stay night [Heaven's Feel]」コラボガチャ
789,超古代勇者ウルトラソウルズ
790,超古代勇者ウルトラソウルズ
791,超ネコ祭
792,極ネコ祭
793,プラチナガチャ
794,レジェンドガチャ
796,超国王祭
797,イースターカーニバル
798,逆襲の英雄ダークヒーローズ
799,逆襲の英雄ダークヒーローズ
800,超ネコ祭
801,極ネコ祭
802,プラチナガチャ
803,レジェンドガチャ
806,超極ネコ祭
807,極ネコ祭
808,プラチナガチャ
809,レジェンドガチャ
810,ジューンブライドガチャ
811,伝説のネコルガ族
812,伝説のネコルガ族
813,超ネコ祭
814,極ネコ祭
815,プラチナガチャ
816,レジェンドガチャ
817,超国王祭
818,「エヴァンゲリオン」コラボガチャ
819,「エヴァンゲリオン」コラボガチャ 2nd
822,サマーガールズ
823,革命軍隊アイアンウォーズ
824,革命軍隊アイアンウォーズ
825,超ネコ祭
826,極ネコ祭
827,プラチナガチャ
828,レジェンドガチャ
835,大精霊エレメンタルピクシーズ
836,大精霊エレメンタルピクシーズ
837,超ネコ祭
838,極ネコ祭
839,プラチナガチャ
840,レジェンドガチャ
841,超国王祭
842,究極降臨ギガントゼウス
843,究極降臨ギガントゼウス
844,超ネコ祭
845,極ネコ祭
846,プラチナガチャ
847,レジェンドガチャ
848,熱血！大運動会 赤組
849,熱血！大運動会 白組
850,「初音ミク」コラボガチャ
851,超選抜祭
852,極選抜祭
853,ウルトラセレクション
854,ミラクルセレクション
855,エクセレントセレクション
856,バスターズ祭
857,絶命美少女ギャルズモンスターズ
858,絶命美少女ギャルズモンスターズ
859,超極ネコ祭
860,新年ガチャ
861,女王祭
862,超ネコ祭
863,レジェンドガチャ
864,「メタルスラッグアタック」コラボガチャ
866,9000万DL記念ガチャ
867,ホワイトデーガチャ
868,電脳学園ギャラクシーギャルズ
869,電脳学園ギャラクシーギャルズ
870,超ネコ祭
871,極ネコ祭
872,プラチナガチャ
873,レジェンドガチャ
875,イースターカーニバル
876,超極ネコ祭
877,極ネコ祭
878,レジェンドガチャ
881,戦国武神バサラーズ
882,戦国武神バサラーズ
883,極ネコ祭
884,超ネコ祭
885,プラチナガチャ
886,レジェンドガチャ
887,ジューンブライドガチャ
888,「るろうに剣心 -明治剣客浪漫譚-」コラボガチャ
890,超破壊大帝ドラゴンエンペラーズ
891,超破壊大帝ドラゴンエンペラーズ
892,超ネコ祭
893,極ネコ祭
894,プラチナガチャ
895,レジェンドガチャ
896,サマーガールズ サンシャイン
897,サマーガールズ ブルーオーシャン
898,超国王祭
906,メタルバスターズ
907,超激ダイナマイツ
908,超激ダイナマイツ
909,超ネコ祭
910,極ネコ祭
911,プラチナガチャ
912,レジェンドガチャ
913,「ビックリマン」コラボガチャ
916,超古代勇者ウルトラソウルズ
917,超古代勇者ウルトラソウルズ
918,超ネコ祭
919,極ネコ祭
920,プラチナガチャ
921,レジェンドガチャ
922,ハロウィンガチャ
923,超国王祭
924,熱血！大運動会 白組
925,「メルクストーリア」コラボガチャ
928,逆襲の英雄ダークヒーローズ
929,逆襲の英雄ダークヒーローズ
930,超ネコ祭
931,極ネコ祭
932,プラチナガチャ
933,レジェンドガチャ
934,超選抜祭
935,極選抜祭
936,ウルトラ4セレクション
937,ミラクル4セレクション
938,エクセレント4セレクション
939,バスターズ祭
940,クリスマスギャルズ
941,伝説のネコルガ族
942,超激ダイナマイツ
943,戦国武神バサラーズ
944,電脳学園ギャラクシーギャルズ
945,超破壊大帝ドラゴンエンペラーズ
946,超古代勇者ウルトラソウルズ
947,逆襲の英雄ダークヒーローズ
948,究極降臨ギガントゼウス
949,革命軍隊アイアンウォーズ
950,絶命美少女ギャルズモンスターズ
951,大精霊エレメンタルピクシーズ
952,超ネコ祭
953,プラチナガチャ
954,レジェンドガチャ
955,超国王祭
956,超極ネコ祭
957,新年ガチャ
958,「魔法少女まどか☆マギカ」コラボガチャ
961,1億DL記念ガチャ
962,伝説のネコルガ族
963,超ネコ祭
964,極ネコ祭
965,プラチナガチャ
966,レジェンドガチャ
967,DL記念選抜ガチャ
968,ホワイトデーガチャ
969,極ネコ祭
970,プラチナガチャ
971,レジェンドガチャ
972,超極ネコ祭
973,超国王祭
974,アウトレットガチャ
975,超選抜祭
976,極選抜祭
977,「範馬刃牙」コラボガチャ
979,革命軍隊アイアンウォーズ
980,革命軍隊アイアンウォーズ
981,超ネコ祭
982,極ネコ祭
983,プラチナガチャ
984,レジェンドガチャ
985,「ソニック・ザ・ヘッジホッグ」コラボガチャ
986,伝説のネコルガ族
991,究極降臨ギガントゼウス
992,究極降臨ギガントゼウス
993,超ネコ祭
994,極ネコ祭
995,プラチナガチャ
996,レジェンドガチャ
997,サマーガールズ ブルーオーシャン
998,「エヴァンゲリオン」コラボガチャ
999,「エヴァンゲリオン」コラボガチャ 2nd
1000,「生きろ！マンボウ！」コラボガチャ
1004,大精霊エレメンタルピクシーズ
1005,大精霊エレメンタルピクシーズ
1006,超ネコ祭
1007,極ネコ祭
1008,プラチナガチャ
1009,レジェンドガチャ
1010,サマーガールズ サンシャイン
1011,DL記念選抜ガチャ
1012,超国王祭
1015,絶命美少女ギャルズモンスターズ
1016,絶命美少女ギャルズモンスターズ
1017,「ストリートファイター6」コラボガチャ BLUE TEAM
1018,「ストリートファイター6」コラボガチャ RED TEAM
1021,電脳学園ギャラクシーギャルズ
1022,電脳学園ギャラクシーギャルズ
1023,極ネコ祭
1024,プラチナガチャ
1025,レジェンドガチャ
1026,超選抜祭
1027,極選抜祭
1028,ウルトラ4セレクション
1029,ミラクル4セレクション
1030,エクセレント4セレクション
1033,超ネコ祭
1034,超極ネコ祭
1035,レジェンドガチャ
1036,プラチナガチャ
1037,新年ガチャ
1038,アニメ「鬼滅の刃」コラボガチャ
1039,超ネコ祭
1041,レジェンドガチャ
1042,プラチナガチャ
1043,戦国武神バサラーズ
1044,戦国武神バサラーズ
1045,超ネコ祭
1046,極ネコ祭
1047,プラチナガチャ
1048,レジェンドガチャ
1049,1億1111万DL記念選抜
64,？
63,福引G
62,福引
3,マタタビガチャ
0,にゃんこガチャ